,1,2,3,4,5
0,name,description,price,imageUrl,brand
1,Audi A4,No specific description yet,1450000000,https://audisaigon.com/wp-content/uploads/2023/05/A4.png,audi
2,Audi A6,No specific description yet,2080000000,https://audisaigon.com/wp-content/uploads/2023/05/A6.png,audi
3,Audi A7,No specific description yet,2990000000,https://audisaigon.com/wp-content/uploads/2023/05/A7.png,audi
4,Audi A8L,No specific description yet,4100000000,https://audisaigon.com/wp-content/uploads/2023/05/A8.png,audi
5,Audi e-tron GT,No specific description yet,3950000000,https://audisaigon.com/wp-content/uploads/2023/05/2022-1-1.png,audi
6,Audi Q2,No specific description yet,1590000000,https://audisaigon.com/wp-content/uploads/2023/05/Q2.png,audi
7,Audi Q3,No specific description yet,1890000000,https://audisaigon.com/wp-content/uploads/2023/05/Q3.png,audi
8,Audi Q5,No specific description yet,2390000000,https://audisaigon.com/wp-content/uploads/2023/05/Q5.png,audi
9,Audi Q7,No specific description yet,3590000000,https://audisaigon.com/wp-content/uploads/2023/05/Q7.png,audi
10,Audi Q8,No specific description yet,4200000000,https://audisaigon.com/wp-content/uploads/2023/05/Q8.png,audi
11,Audi Q8 e-tron,No specific description yet,3800000000,https://audisaigon.com/wp-content/uploads/2023/05/2023.png,audi
12,BMW 320i Sport Line,No specific description yet,1295000000,https://binhduong-bmw.vn/storage/cars/icon-320isportline.png,bmw
13,BMW 320i M Sport LCI,No specific description yet,1509000000,https://binhduong-bmw.vn/storage/cars/icon-320isport.png,bmw
14,BMW 330i M Sport LCI,No specific description yet,1629000000,https://binhduong-bmw.vn/storage/cars/icon-330i.png,bmw
15,BMW i4,No specific description yet,3214000000,https://binhduong-bmw.vn/storage/cars/i4.png,bmw
16,BMW 430i Gran Coupe,No specific description yet,2569000000,https://binhduong-bmw.vn/storage/cars/4s.png,bmw
17,BMW 4 Series Convertible,No specific description yet,3091000000,https://binhduong-bmw.vn/storage/cars/4s-convertible.png,bmw
18,BMW 520i,No specific description yet,1779000000,https://binhduong-bmw.vn/storage/cars/520ipure.png,bmw
19,BMW 520i M Sport,No specific description yet,2119000000,https://binhduong-bmw.vn/storage/cars/520i.png,bmw
20,BMW 530i M Sport,No specific description yet,2609000000,https://binhduong-bmw.vn/storage/cars/530i.png,bmw
21,BMW 7 SERIES NEW,No specific description yet,4499000000,https://binhduong-bmw.vn/storage/cars/7s-1.png,bmw
22,BMW i7,No specific description yet,6499000000,https://binhduong-bmw.vn/storage/cars/i7.png,bmw
23,BMW 8 Series Gran Coupé,No specific description yet,5899000000,https://binhduong-bmw.vn/storage/cars/8s-new.png,bmw
24,THE NEW X5,No specific description yet,3877000000,https://binhduong-bmw.vn/storage/cars/bmw-e1702914471338.png,bmw
25,BMW iX3,No specific description yet,3029000000,https://binhduong-bmw.vn/storage/cars/ix3.png,bmw
26,BMW X3,No specific description yet,1659000000,https://binhduong-bmw.vn/storage/cars/x3.png,bmw
27,BMW X4,No specific description yet,2872000000,https://binhduong-bmw.vn/storage/cars/x4.png,bmw
28,BMW X5,No specific description yet,3129000000,https://binhduong-bmw.vn/storage/cars/x5.png,bmw
29,BMW X6,No specific description yet,3767000000,https://binhduong-bmw.vn/storage/cars/x6.png,bmw
30,BMW X7,No specific description yet,5149000000,https://binhduong-bmw.vn/storage/cars/x7.png,bmw
31,BMW Z4 Roadster,No specific description yet,3114000000,https://binhduong-bmw.vn/storage/cars/bmw-zseries-z4.png,bmw
32,Ford Ranger - Pickup Truck,No specific description yet,707103900,https://binhduongford.com.vn/gw-content/thumbs/ranger-WHWUV.jpg,ford
33,Ford Everest - 7-seat SUV,No specific description yet,1099154500,https://binhduongford.com.vn/gw-content/thumbs/everest-bumVL.jpg,ford
34,Ford Territory - 5-seat SUV,No specific description yet,799929000,https://binhduongford.com.vn/gw-content/thumbs/territory2024-DtJMG.jpg,ford
35,Ford Explorer - 7-seat SUV,No specific description yet,2099000000,https://binhduongford.com.vn/gw-content/thumbs/explorer-4Xzdb.jpg,ford
36,Ford Transit - All New,No specific description yet,905108700,https://binhduongford.com.vn/gw-content/thumbs/transit2024hoantoanmoi-mLgCH.jpg,ford
37,Ford Raptor - New Generation,No specific description yet,1299000000,https://binhduongford.com.vn/gw-content/thumbs/raptor-tvAwT.jpg,ford
38,HONDA CR-V,Breakthrough power,1029000000,https://hondabinhduong.vn/wp-content/uploads/2024/05/honda-cr-v-2024-42701699260251.png,honda
39,HONDA CITY,Strong path to success,499000000,https://hondabinhduong.vn/wp-content/uploads/2024/05/honda-city-2020-5411608285273-1.jpg,honda
40,HONDA CIVIC TYPE R,Street racing car,23990000000,https://hondabinhduong.vn/wp-content/uploads/2024/05/Thiet-ke-chua-co-ten.png,honda
41,HONDA BR-V,Enjoy a fun experience with your loved ones,661000000,https://hondabinhduong.vn/wp-content/uploads/2024/05/honda-br-v-39841688532258.jpg,honda
42,HONDA ACCORD,Define the class - Create the future,1319000000,https://hondabinhduong.vn/wp-content/uploads/2024/05/honda-accord-17521608282623-1.jpg,honda
43,HONDA HR-V,Awaken your pioneering spirit,730000000,https://hondabinhduong.vn/wp-content/uploads/2024/05/honda-hr-v-2022-76131665979272-1.png,honda
44,HONDA CIVIC,Creating the perfect standard,730000000,https://hondabinhduong.vn/wp-content/uploads/2024/05/honda-civic-2022-26641645329025-1.png,honda
45,Hyundai Santa Fe,No specific description yet,1069000000,https://vn-hyundai.com/wp-content/uploads/2018/03/icon-santafe-all-new-vn-hyundai.png,hyundai
46,Hyundai Creta,No specific description yet,599000000,https://vn-hyundai.com/wp-content/uploads/2018/06/icon-creta.png,hyundai
47,Hyundai Grand i10 Hatchback,No specific description yet,360000000,https://vn-hyundai.com/wp-content/uploads/2018/07/grand-i10-hatchback-home-vn-hyundai.png,hyundai
48,Hyundai Grand i10 Sedan,No specific description yet,380000000,https://vn-hyundai.com/wp-content/uploads/2018/07/hyundai-i10-sedan-2021-home-vn-hyundai.png,hyundai
49,Hyundai Accent,No specific description yet,439000000,https://vn-hyundai.com/wp-content/uploads/2018/07/icon-accent-2024-vn-hyundai.png,hyundai
50,Hyundai Elantra,No specific description yet,599000000,https://vn-hyundai.com/wp-content/uploads/2022/10/bo-xe-web-elantra.png,hyundai
51,Hyundai Tucson,No specific description yet,769000000,https://vn-hyundai.com/wp-content/uploads/2018/07/bo-xe-web-tuc.png,hyundai
52,Hyundai Stargazer X,No specific description yet,489000000,https://vn-hyundai.com/wp-content/uploads/2022/10/icon-stargazer-x-vn-hyundai.png,hyundai
53,Hyundai Custin,No specific description yet,850000000,https://vn-hyundai.com/wp-content/uploads/2023/09/custin-icon.png,hyundai
54,Hyundai Palisade,No specific description yet,1469000000,https://vn-hyundai.com/wp-content/uploads/2023/09/PALISADE-icon-vn-hyundai.png,hyundai
55,Hyundai Venue,No specific description yet,499000000,https://vn-hyundai.com/wp-content/uploads/2024/01/icon-venue-vn-hyundai.png,hyundai
56,NEW RANGE ROVER,The pinnacle of manufacturing capabilities,7349000000,https://jaguar-landrover.vn/wp-content/uploads/2019/04/OUR_VEHICLES_L405_18MY_249_GLHD_Device-Desktop_680x450_307-414882_680x450.jpg,landRover
57,NEW RANGE ROVER SPORT,The most agile and dynamic Land Rover ever,4719000000,https://jaguar-landrover.vn/wp-content/uploads/2019/04/OUR_VEHICLES_L494_18MY_102_GLHD_DX_V2_Device-Desktop_680x450_295-414859_640x426.jpg,landRover
58,NEW RANGE ROVER VELAR,No specific description yet,0,https://jaguar-landrover.vn/wp-content/uploads/2019/04/L560_18MY_237_GLHD_DX_Device-Mobile_640x426_281-355724_640x426.jpg,landRover
59,NEW RANGE ROVER EVOQUE,No specific description yet,0,https://jaguar-landrover.vn/wp-content/uploads/2019/04/636777091805706238YG.jpg,landRover
60,RANGE ROVER EVOQUE,STAND OUT AND PERSONAL. COMPACT RANGE ROVER MODEL,2879000000,https://jaguar-landrover.vn/wp-content/uploads/2019/04/evoque_18my_640.jpg,landRover
61,DISCOVERY,The most versatile SUV,4239000000,https://jaguar-landrover.vn/wp-content/uploads/2019/04/L462_17_EXT_LOC32_DX_Device-Desktop_670x385_295-275819_680x450.jpg,landRover
62,DISCOVERY SPORT,The versatile and adventurous compact SUV,2539000000,https://jaguar-landrover.vn/wp-content/uploads/2019/04/open-uri20141208-3100-uwwsh.jpg,landRover
63,NEW DEFENDER,The ability to do great things,3520000000,https://jaguar-landrover.vn/wp-content/uploads/2020/10/637012147767529134FD_680.jpg,landRover
64,JAGUAR CAR,"Jaguar's most advanced, capable and refined sports sedan",2310000000,https://jaguar-landrover.vn/wp-content/uploads/2019/04/XE_16MY_134_GEE_640x318_tcm76-303709_desktop_640x318.jpg,jaguar
65,JAGUAR XF,"Powerful performance, ultimate driving experience.",2640000000,https://jaguar-landrover.vn/wp-content/uploads/2019/04/X260_18MY_015_GLHD_640_318_tcm144-363211_desktop_640x318.jpg,jaguar
66,JAGUAR XJ,"A striking combination of beauty, elegance and power.",5700000000,https://jaguar-landrover.vn/wp-content/uploads/2019/04/XJ_16MY_080_GEE_640x318_tcm144-303710_desktop_640x318.jpg,jaguar
67,JAGUAR E‑PACE,No specific description yet,0,https://jaguar-landrover.vn/wp-content/uploads/2019/04/636614581926339734EN_640.jpg,jaguar
68,JAGUAR F‑PACE,High performance and practical SUV.,3629000000,https://jaguar-landrover.vn/wp-content/uploads/2019/04/636614581926339734EN_640-1.jpg,jaguar
69,JAGUAR F‑TYPE,"A Jaguar sports car with powerful, fast and agile performance.",6300000000,https://jaguar-landrover.vn/wp-content/uploads/2019/04/JDX_INDEXPAGE_F_TYPE_CROP_tcm144-361273_desktop_640x318.jpg,jaguar
70,NEW JAGUAR I-PACE,No specific description yet,0,https://jaguar-landrover.vn/wp-content/uploads/2019/04/range_640.jpg,jaguar
71,New Carnival,Asserting leading position,1299000000,https://kiavietnam.com.vn/storage/new-carnival/new-canival-icon-png-1.png,kia
72,New Sonnet,Connecting with trends - Affirming your own style,539000000,https://kiavietnam.com.vn/storage/new-sonet/new-sonetjpg.png,kia
73,New Morning,Fashion colors - Affirm your style,349000000,https://kiavietnam.com.vn/storage/l-newmorning-xline-do-small.png,kia
74,Soluto,Connecting real value,386000000,https://kiavietnam.com.vn/storage/soluto-pngicon.png,kia
75,K3,Smart lifestyle,549000000,https://kiavietnam.com.vn/storage/k3-xanh.png,kia
76,K5,Experience the new level,859000000,https://kiavietnam.com.vn/storage/k5-xanhsam.png,kia
77,Carens,New generation SUV model,589000000,https://kiavietnam.com.vn/storage/carens-icon-3.png,kia
78,New Seltos,Leading the trend,599000000,https://kiavietnam.com.vn/storage/hinh-xe-new-seltos-moi-1.png,kia
79,Sportage,New Journey - New Level,779000000,https://kiavietnam.com.vn/storage/kia-viet-nam/hinh-anh/suv-1.png,kia
80,Sorento,All New - New Generation 4.0,964000000,https://kiavietnam.com.vn/storage/sorento-pngicon.png,kia
81,Carnival,Worthy of new level,1189000000,https://kiavietnam.com.vn/storage/carnival-xanhxam.png,kia
82,Lexus LM500H 2024,No specific description yet,7290000000,https://lexus-hanoi.com.vn/upload/images/Lexus-Lm500h-2024.jpg,lexus
83,Lexus GX550 2024,No specific description yet,0,https://lexus-hanoi.com.vn/upload/images/lexus-gx550-2024-800px-min.jpg,lexus
84,Lexus LS500H 2024,No specific description yet,8360000000,https://lexus-hanoi.com.vn/upload/images/lexus-ls500-2023.jpg,lexus
85,Lexus ES250 2024,No specific description yet,2620000000,https://lexus-hanoi.com.vn/upload/images/Lexus-ES250-2023-min_(1).jpg,lexus
86,Lexus ES300H 2024,No specific description yet,3140000000,https://lexus-hanoi.com.vn/upload/images/lexus-es300h-2022-thu-tron-moi-anh-nhin-min.jpg,lexus
87,Lexus GX460 2023,No specific description yet,5970000000,https://lexus-hanoi.com.vn/upload/images/lexus-gx460-2022-gay-an-tuong-manh-ngay-tu-cai-nhin-dau-tien-bang-su-tre-trung-lich-lam-min.jpg,lexus
88,Lexus ES250 F Sport 2024,No specific description yet,2710000000,https://lexus-hanoi.com.vn/upload/images/b40bc11db660763e2f71.jpg,lexus
89,NX350 F Sport 2024,No specific description yet,3130000000,https://lexus-hanoi.com.vn/upload/images/nx350-f-sport-2023.jpg,lexus
90,Lexus LX600 Ultra Luxury 4 seats,No specific description yet,9610000000,https://lexus-hanoi.com.vn/upload/images/16f3f33683524d0c1443_(1).jpg,lexus
91,Lexus LX600 F Sport 5 seats,No specific description yet,8750000000,https://lexus-hanoi.com.vn/upload/images/407b97b8e7dc298270cd_(1).jpg,lexus
92,Lexus RX350 F Sport 2024,No specific description yet,4720000000,https://lexus-hanoi.com.vn/upload/images/lexus-rx350-f-sport-2023-xung-tam-dang-cap-thuong-luu-11_(1).jpg,lexus
93,Lexus RX350 Premium 2024,No specific description yet,3430000000,https://lexus-hanoi.com.vn/upload/images/rx350-premium-9-min.jpg,lexus
94,All New Mazda 3 Sedan,No specific description yet,579000000,https://mazdabinhduong5s.com/wp-content/uploads/2019/11/MAZDA3-5-7-24-avt-do.jpg,mazda
95,All New Mazda 3 Sport,No specific description yet,639000000,https://mazdabinhduong5s.com/wp-content/uploads/2019/11/MAZDA3-SPORT-5-7-24-avt-do.jpg,mazda
96,ALL NEW Mazda BT-50,No specific description yet,659000000,https://mazdabinhduong5s.com/wp-content/uploads/2020/04/all-new-mazda-bt-50-the-he-moi-phong-cach-moi-avt-mau-do.jpg,mazda
97,Mazda CX 3,No specific description yet,512000000,https://mazdabinhduong5s.com/wp-content/uploads/2021/05/MAZDA-CX-3-5-7-24-avt-do.jpg,mazda
98,Mazda CX 30,No specific description yet,699000000,https://mazdabinhduong5s.com/wp-content/uploads/2021/05/mazda-cx-30-2021-mau-do-avt-.jpg,mazda
99,Mazda CX-5,No specific description yet,749000000,https://mazdabinhduong5s.com/wp-content/uploads/2020/04/MAZDA-CX-5-5-7-24-avt-bac.jpg,mazda
100,New Mazda 2,No specific description yet,408000000,https://mazdabinhduong5s.com/wp-content/uploads/2020/07/mazda-2-sedan-4-10-23-dai-dien-san-pham-do.jpg,mazda
101,NEW MAZDA CX-8,No specific description yet,949000000,https://mazdabinhduong5s.com/wp-content/uploads/2020/04/NEW-MAZDA-CX-8-5-6-2022KHANG-DINH-DANG-CAP-mau-bac-.jpg,mazda
102,New mazda6,No specific description yet,769000000,https://mazdabinhduong5s.com/wp-content/uploads/2020/04/MAZDA6-5-7-24-avt-den.jpg,mazda
103,GLC 300 4Matic 2024,No specific description yet,2600000000,https://mercedes-benzhanoi.com.vn/wp-content/uploads/2023/08/mercedes-benz_0012_glc-300-4matic-X254.png,mercedes
104,GLC 200 4Matic 2024,No specific description yet,2100000000,https://mercedes-benzhanoi.com.vn/wp-content/uploads/2023/08/mercedes-benz_0012_glc-200-4matic-X254b.png,mercedes
105,E300 AMG,No specific description yet,3209000000,https://mercedes-benzhanoi.com.vn/wp-content/uploads/2021/07/New-E300-AMG-de-1.png,mercedes
106,E200 Exclusive,No specific description yet,2540000000,https://mercedes-benzhanoi.com.vn/wp-content/uploads/2021/07/New-E200-Exclusive-4.png,mercedes
107,E180,No specific description yet,2159000000,https://mercedes-benzhanoi.com.vn/wp-content/uploads/2021/07/New-E-180-black-1.png,mercedes
108,AMG C43 4Matic,No specific description yet,2960000000,https://mercedes-benzhanoi.com.vn/wp-content/uploads/2023/08/mercedes-benz_0001_amg-c-43-4matic_230820-02.png,mercedes
109,C300 2024,No specific description yet,1700000000,https://mercedes-benzhanoi.com.vn/wp-content/uploads/2023/02/mercedes-benz-c-300-amg-ckd_0004_120223.png,mercedes
110,C200 Plus 2024,No specific description yet,1400000000,https://mercedes-benzhanoi.com.vn/wp-content/uploads/2023/02/mercedes-benz-c-200-avantgarde-plus_0008_120223.png,mercedes
111,S450 4Matic,No specific description yet,5039000000,https://mercedes-benzhanoi.com.vn/wp-content/uploads/2023/02/mercedes-benz-s-450-4matic_0002_120223.png,mercedes
112,S450 4Matic Luxury,No specific description yet,5559000000,https://mercedes-benzhanoi.com.vn/wp-content/uploads/2023/02/mercedes-benz-s-450-4matic-luxury_0000_120223.png,mercedes
113,Maybach S450 4Matic,No specific description yet,8199000000,https://mercedes-benzhanoi.com.vn/wp-content/uploads/2023/02/mercedes-maybach-s-450-4matic_0006_120223.png,mercedes
114,Maybach S680 4Matic,No specific description yet,15990000000,https://mercedes-benzhanoi.com.vn/wp-content/uploads/2023/02/mercedes-maybach-s-680-4matic_0001_120223.png,mercedes
115,Maybach GLS 480 4Matic,No specific description yet,8679000000,https://mercedes-benzhanoi.com.vn/wp-content/uploads/2023/02/mercedes-maybach-gls-480-4matic_0005_120223.png,mercedes
116,Maybach GLS 600 4Matic,No specific description yet,11999000000,https://mercedes-benzhanoi.com.vn/wp-content/uploads/2022/09/mercedes-maybach-gls-600-4matic_0002_gls-600-0922.png,mercedes
117,EQS,No specific description yet,4839000000,https://mercedes-benzhanoi.com.vn/wp-content/uploads/2023/02/EQS-450-Trang-Polar-02.jpg,mercedes
118,EQE 500 4Matic,No specific description yet,3999000000,https://mercedes-benzhanoi.com.vn/wp-content/uploads/2023/12/mercedes-benz-eqe-500-4matic-231226-c6.jpg,mercedes
119,EQB 250,No specific description yet,2289000000,https://mercedes-benzhanoi.com.vn/wp-content/uploads/2023/12/mercedes-benz-eqb-250-231226-5.jpg,mercedes
120,MG HS,No specific description yet,699000000,https://mg-hanoi3s.vn/wp-content/uploads/2024/03/home-mg-hs.png,mg
121,New MG5,No specific description yet,399000000,https://mg-hanoi3s.vn/wp-content/uploads/2024/02/home-new-mg5.png,mg
122,MG5,No specific description yet,523000000,https://mg-hanoi3s.vn/wp-content/uploads/2024/02/home-mg5.png,mg
123,MG ZS,No specific description yet,538000000,https://mg-hanoi3s.vn/wp-content/uploads/2024/02/home-mg-zs.png,mg
124,MG RX5,No specific description yet,739000000,https://mg-hanoi3s.vn/wp-content/uploads/2024/03/home_mgrx5.png,mg
125,MINI 3 DOOR,No specific description yet,1849000000,https://minicooperhanoi.vn/wp-content/uploads/2024/08/damImage.narrow.1350w.j_1627920765562-1024x576-1-300x300.jpg,mini-cooper
126,MINI 5 DOOR,No specific description yet,1929000000,https://minicooperhanoi.vn/wp-content/uploads/2024/08/damImage.narrow.1350w.j_1627920765562-1024x576-1-300x300.jpg,mini-cooper
127,MINI CLUBMAN,No specific description yet,2539000000,https://minicooperhanoi.vn/wp-content/uploads/2024/08/damImage.narrow.1350w.j_1627920765562-1024x576-1-300x300.jpg,mini-cooper
128,MINI CONVERTIBLE,No specific description yet,2409000000,https://minicooperhanoi.vn/wp-content/uploads/2024/08/damImage.narrow.1350w.j_1627920765562-1024x576-1-300x300.jpg,mini-cooper
129,MINI COUNTRYMAN,No specific description yet,2199000000,https://minicooperhanoi.vn/wp-content/uploads/2024/08/damImage.narrow.1350w.j_1627920765562-1024x576-1-300x300.jpg,mini-cooper
130,Xpander,No specific description yet,560000000,https://www.mitsubishi-motors.com.vn/w/wp-content/uploads/2022/05/homepage-xpander-thumbnail.png,mitsubishi
131,Xpander Cross,No specific description yet,698000000,https://www.mitsubishi-motors.com.vn/w/wp-content/uploads/2023/02/menu-xpander-cross.png,mitsubishi
132,Outlander,No specific description yet,825000000,https://www.mitsubishi-motors.com.vn/w/wp-content/uploads/2022/05/home-page-outlander-thumbnail.png,mitsubishi
133,All New Triton,No specific description yet,655000000,https://www.mitsubishi-motors.com.vn/w/wp-content/uploads/2024/09/All-New-Triton-Thmnail.png,mitsubishi
134,Pajero sport,No specific description yet,1110000000,https://www.mitsubishi-motors.com.vn/w/wp-content/uploads/2023/11/ps-2tone-thumbnail-1.png,mitsubishi
135,Attrage,No specific description yet,380000000,https://www.mitsubishi-motors.com.vn/w/wp-content/uploads/2022/05/home-page-attrage-thumbnail.png,mitsubishi
136,Xforce,No specific description yet,599000000,https://www.mitsubishi-motors.com.vn/w/wp-content/uploads/2023/09/X-Force-transperant.png,mitsubishi
137,NISSAN ALMERA E,No specific description yet,410000000,https://daily-nissan.com/wp-content/uploads/2021/07/Xe-nissan-almera-el-300x255.jpg,nissan
138,NISSAN ALMERA EL,No specific description yet,449000000,https://daily-nissan.com/wp-content/uploads/2021/05/Đầu-xe-nissan-almera-300x225.jpg,nissan
139,NISSAN ALMERA VL,No specific description yet,485000000,https://daily-nissan.com/wp-content/uploads/2021/05/Xe-Nissan-Almera-300x190.jpg,nissan
140,NISSAN KICKS PREMIUM,No specific description yet,633000000,https://daily-nissan.com/wp-content/uploads/2022/11/Kicks-V-Cao-Cap-300x198.jpg,nissan
141,NISSAN KICKS E,No specific description yet,625000000,https://daily-nissan.com/wp-content/uploads/2022/11/Nissan-Kicks-E-300x225.jpg,nissan
142,NISSAN KICKS STANDARD,No specific description yet,625000000,https://daily-nissan.com/wp-content/uploads/2022/07/nissan-kicks-tieu-chuan-300x225.jpg,nissan
143,NISSAN KICKS V,No specific description yet,633000000,https://daily-nissan.com/wp-content/uploads/2022/11/nissan-kicks-v-300x225.jpg,nissan
144,NISSAN NAVARA EL,No specific description yet,659000000,https://daily-nissan.com/wp-content/uploads/2024/07/Nissan-navara-EL-300x225.jpg,nissan
145,NISSAN NAVARA PRO4X,No specific description yet,926000000,https://daily-nissan.com/wp-content/uploads/2021/04/navara-pro-4x-300x400.jpg,nissan
146,NISSAN NAVARA VE,No specific description yet,740000000,https://daily-nissan.com/wp-content/uploads/2021/06/nissan-navara-ve-300x225.jpg,nissan
147,NISSAN NAVARA VL,No specific description yet,899000000,https://daily-nissan.com/wp-content/uploads/2021/05/Nissan-navara-vl-300x225.jpg,nissan
148,NISSAN PATROL,No specific description yet,3750000000,https://daily-nissan.com/wp-content/uploads/2024/07/Nissan-Patrol-300x200.jpg,nissan
149,NISSAN TERRA,No specific description yet,789000000,https://daily-nissan.com/wp-content/uploads/2020/01/nissan-terra-300x225.jpg,nissan
150,NISSAN X-TRAIL 2.5 SV,No specific description yet,920000000,https://daily-nissan.com/wp-content/uploads/2020/04/nissan-xtrail-2.5-300x225.jpg,nissan
151,Peugeot 408 New Generation,No specific description yet,1019000000,https://cp.peugeotvietnam.vn/Content/UserFiles/Images/new%20408/new-408-THUMBNAIL-showroom-220x128.png,peugeot
152,Peugeot 5008,No specific description yet,1109000000,https://cp.peugeotvietnam.vn/Content/UserFiles/Images/Product/New%20Peugeot%205008/1PP7CMTI21B0A0E0_0P0J0RFI_0MM00NSY_001.png,peugeot
153,Peugeot 3008,No specific description yet,929000000,https://cp.peugeotvietnam.vn/Content/UserFiles/Images/Product/New%20Peugeot%203008/xam-01.png,peugeot
154,Peugeot 2008,No specific description yet,719000000,https://cp.peugeotvietnam.vn/Content/UserFiles/Images/Product/2008/1PP1SYPMA1B0A0B0_0MM00N2S_0PA80RFX_002.png,peugeot
155,Traveler,No specific description yet,1589000000,https://cp.peugeotvietnam.vn/Content/UserFiles/Images/Product/Traveller/220x128.png,peugeot
156,Subaru Forester 2.0i-L 2024,No specific description yet,919000000,https://subarubinhduong4s.vn/wp-content/uploads/2023/02/frt-il.jpg,subaru
157,Subaru Forester 2.0i-L EyeSight 2024,No specific description yet,989000000,https://subarubinhduong4s.vn/wp-content/uploads/2023/02/il-es.jpg,subaru
158,Subaru Forester 2.0i-S EyeSight 2024,No specific description yet,1059000000,https://subarubinhduong4s.vn/wp-content/uploads/2023/02/xanh-is.png,subaru
159,Subaru Outback 2.5i-T EyeSight 2023,No specific description yet,1696000000,https://subarubinhduong4s.vn/wp-content/uploads/2023/02/subaru-outback-2-5i-t-eyesight-2023.jpg,subaru
160,Subaru WRX 4D 2.4 AWD 6MT Sedan Manual Transmission 2023 Model Year 2023 Production,No specific description yet,1690000000,https://subarubinhduong4s.vn/wp-content/uploads/2023/02/subaru-0002-wrx-sedan-x.jpg,subaru
161,Subaru WRX highES (24MY) 4D 2.4 MT Manual Sedan,No specific description yet,1999000000,https://subarubinhduong4s.vn/wp-content/uploads/2023/02/subaru-wrx-2-4-cvt-eyesight-220223-28.jpg,subaru
162,Subaru WRX tS ES (24MY) 4D 2.4 ES Sedan Automatic,No specific description yet,2069000000,https://subarubinhduong4s.vn/wp-content/uploads/2023/02/subaru-wrx-2-4-cvt-eyesight-220223-28.jpg,subaru
163,Subaru WRX Wagon (24MY) 2.4 tS EyeSight Automatic,No specific description yet,2079000000,https://subarubinhduong4s.vn/wp-content/uploads/2023/02/subaru-0000-wrx-wagon-h1.jpg,subaru
164,Subaru BRZ 2.4 RWD 6MT (23MY – YOM22) Manual Transmission Model 2023 Manufactured 2022,No specific description yet,1429000000,https://subarubinhduong4s.vn/wp-content/uploads/2024/07/subaru-0012-brz.jpg,subaru
165,Subaru BRZ 2.4 EyeSight RWD 6AT (23MY -YOM23) Automatic Model 2023 Manufactured 2023,No specific description yet,1535000000,https://subarubinhduong4s.vn/wp-content/uploads/2023/02/subaru-brz-2023.jpg,subaru
166,ERTIGA HYBRID,No specific description yet,608000000,https://suzukihanoi.com.vn/wp-content/uploads/2021/04/Ertiga-Hybrid-mau-trang.png,suzuki
167,SUZUKI BLIND VALVE,No specific description yet,29444800000,https://suzukihanoi.com.vn/wp-content/uploads/2021/04/suzuki-blind-van.jpg,suzuki
168,SUZUKI CARRY PRO,No specific description yet,318600000,https://suzukihanoi.com.vn/wp-content/uploads/2021/04/suzuki-carry-pro.jpg,suzuki
169,SUZUKI CARRY PRO (extended stainless steel tarpaulin box),No specific description yet,354000000,https://suzukihanoi.com.vn/wp-content/uploads/2022/11/carry-pro-thung-bat-inox-scaled.jpg,suzuki
170,SUZUKI CARRY PRO (extended stainless steel box),No specific description yet,354000000,https://suzukihanoi.com.vn/wp-content/uploads/2022/04/pro-inox-noi-dai-e1668097255675.jpg,suzuki
171,SUZUKI CARRY PRO (canvas cover),No specific description yet,330000000,https://suzukihanoi.com.vn/wp-content/uploads/2021/04/suzuki-carry-pro.jpg,suzuki
172,SUZUKI CARRY TRUCK,No specific description yet,252230000,https://suzukihanoi.com.vn/wp-content/uploads/2021/04/suzuki-carry-truck.jpg,suzuki
173,SUZUKI CIAZ,No specific description yet,538000000,https://suzukihanoi.com.vn/wp-content/uploads/2021/03/suzuki-ciaz-2021-1.jpg,suzuki
174,SUZUKI SWIFT,No specific description yet,559900000,https://suzukihanoi.com.vn/wp-content/uploads/2021/03/suzuki-swift-2021.jpg,suzuki
175,SUZUKI XL7,No specific description yet,599900000,https://suzukihanoi.com.vn/wp-content/uploads/2021/03/suzuki-xl7.jpg,suzuki
176,INNOVA CROSS HEV,7 seats Multi-purpose Indonesian Gasoline CVT Automatic Engine Gasoline + Electric 1987 cc capacity,990000000,https://www.toyota.com.vn//Resources/Images/26A81D343439965FB49A7BE7462057F9.png,toyota
177,INNOVA CROSS,8 seats Multi-purpose Indonesian Gasoline CVT Automatic Gasoline Engine 1987 cc,810000000,https://www.toyota.com.vn//Resources/Images/26A81D343439965FB49A7BE7462057F9.png,toyota
178,VELOZ CROSS CVT TOP,7 seats Multi-purpose Vietnam Gasoline CVT Gasoline engine capacity 1496,660000000,https://www.toyota.com.vn//Resources/Images/EDBF83A9C97849C00B8A6B900CE213A5.png,toyota
179,VELOZ CROSS CVT,7 seats Multi-purpose Vietnam Gasoline CVT Gasoline engine capacity 1496,638000000,https://www.toyota.com.vn//Resources/Images/EDBF83A9C97849C00B8A6B900CE213A5.png,toyota
180,AVANZA PREMIUM CVT,7 seats Multi-purpose Vietnam Gasoline CVT Gasoline engine capacity 1496,598000000,https://www.toyota.com.vn//Resources/Images/4C0BCFB9EA9EF8A9D28FCFDA19D83303.jpg,toyota
181,AVANZA PREMIO MT,7 seats Multi-purpose Vietnam Gasoline MT Gasoline engine capacity 1496,558000000,https://www.toyota.com.vn//Resources/Images/4C0BCFB9EA9EF8A9D28FCFDA19D83303.jpg,toyota
182,INNOVA 2.0E,8 seats Multi-purpose Vietnam Gasoline 5-speed manual Gasoline engine capacity 1998 cc,755000000,https://www.toyota.com.vn//Resources/Images/B1C4482978DB18DA2DB5DB1DA1DFF01F.png,toyota
183,ALPHARD,7 seats Multi-purpose Japanese Gasoline 8-speed automatic transmission 2393 cc Gasoline engine,4370000000,https://www.toyota.com.vn//Resources/Images/37ADDEC69277E6C125C7E82BAE4CB11A.jpg,toyota
184,ALPHARD HEV,7 seats Multi-purpose Japanese Gasoline CVT Gasoline engine capacity 2487 cc,4475000000,https://www.toyota.com.vn//Resources/Images/37ADDEC69277E6C125C7E82BAE4CB11A.jpg,toyota
185,YARIS CROSS HEV,5-seat SUV Petrol Indonesia CVT Petrol + Electric Engine 1496cc,765000000,https://www.toyota.com.vn//Resources/Images/DB64D61952050267C2FFE2272E14007E.png,toyota
186,YARIS CROSS,5-seat SUV Petrol Indonesia CVT Petrol Engine 1496cc,650000000,https://www.toyota.com.vn//Resources/Images/DB64D61952050267C2FFE2272E14007E.png,toyota
187,COROLLA CROSS HEV,5 seats Multi-purpose sport Thai gasoline CVT automatic transmission Gasoline + Electric engine capacity 1798 cc,905000000,https://www.toyota.com.vn//Resources/Images/FB7C367FF8370C746BDB5BD99ED5F6F0.png,toyota
188,COROLLA CROSS GASOLINE,5 seats Multi-purpose sport Thai gasoline CVT automatic transmission 1798 cc gasoline engine,820000000,https://www.toyota.com.vn//Resources/Images/FB7C367FF8370C746BDB5BD99ED5F6F0.png,toyota
189,Raize,5-seat SUV Petrol Indonesia CVT Petrol Engine 998 cc,498000000,https://www.toyota.com.vn//Resources/Images/1052B1A4AE5C2C5809F65C757841A149.png,toyota
190,FORTUNER 2.4AT 4x2,7-seat Multi-purpose Sport Vietnam Oil 6-speed automatic transmission 2393 cc Diesel engine,1055000000,https://www.toyota.com.vn//Resources/Images/5C8A3E6258EEF088D056327796DDCFF7.png,toyota
191,FORTUNER 2.7AT 4x4,7-seat Multi-purpose Sport Indonesia Gasoline 6-speed automatic transmission 2694 cc Gasoline engine,1250000000,https://www.toyota.com.vn//Resources/Images/5C8A3E6258EEF088D056327796DDCFF7.png,toyota
192,FORTUNER 2.7AT 4x2,7-seat Multi-purpose Sport Indonesia Gasoline 6-speed automatic transmission 2694 cc Gasoline engine,1165000000,https://www.toyota.com.vn//Resources/Images/5C8A3E6258EEF088D056327796DDCFF7.png,toyota
193,FORTUNER LEGENDER 2.4AT 4x2,7-seat Multi-purpose Sport Vietnam Diesel 6-speed automatic transmission/6AT Diesel engine capacity 2393 cc,1185000000,https://www.toyota.com.vn//Resources/Images/5C8A3E6258EEF088D056327796DDCFF7.png,toyota
194,FORTUNER LEGENDER 2.8AT 4x4,7-seat Multi-purpose Sport Vietnam Diesel 6-speed automatic transmission/6AT Diesel engine 2755 cc capacity,1350000000,https://www.toyota.com.vn//Resources/Images/5C8A3E6258EEF088D056327796DDCFF7.png,toyota
195,LAND CRUISER 300,7-seat Multi-purpose Sport Japanese Gasoline 10-speed automatic 3445 cc Gasoline engine,4286000000,https://www.toyota.com.vn//Resources/Images/A953B1F43A87DAC9D4D5B0E504F8307C.png,toyota
196,LAND CRUISER PRADO,7-seat Multi-purpose Sport Japanese Gasoline 6-speed automatic 2694 cc Gasoline engine,2628000000,https://www.toyota.com.vn//Resources/Images/0B390ABCB353F232D8A16C45781D76BC.png,toyota
197,VIOS 1.5E-CVT,5-seat Sedan Gasoline Vietnam Automatic transmission Gasoline engine capacity 1496 cc,488000000,https://www.toyota.com.vn//Resources/Images/BCF393FA9AFEC309E1F2A98CF5A57CEB.png,toyota
198,VIOS 1.5E-MT,5-seat Sedan Gasoline Vietnam 5-speed manual Gasoline engine capacity 1496 cc,458000000,https://www.toyota.com.vn//Resources/Images/BCF393FA9AFEC309E1F2A98CF5A57CEB.png,toyota
199,VIOS 1.5G-CVT,5-seat Sedan Gasoline Vietnam Automatic transmission Gasoline engine capacity 1496 cc,545000000,https://www.toyota.com.vn//Resources/Images/BCF393FA9AFEC309E1F2A98CF5A57CEB.png,toyota
200,Corolla Altis 1.8V,5-seat Sedan Petrol Thailand CVT Petrol Engine 1798cc,780000000,https://www.toyota.com.vn//Resources/Images/0B0BE4DDC80614697A93E04ED496B3E2.jpg,toyota
201,Corolla Altis 1.8HEV,5-seat Sedan Petrol Thailand CVT Petrol Engine 1798 cc,870000000,https://www.toyota.com.vn//Resources/Images/0B0BE4DDC80614697A93E04ED496B3E2.jpg,toyota
202,Corolla Altis 1.8G,5-seat Sedan Petrol Thailand CVT Petrol Engine 1798cc,725000000,https://www.toyota.com.vn//Resources/Images/0B0BE4DDC80614697A93E04ED496B3E2.jpg,toyota
203,Camry 2.0G,5-seat Sedan Petrol Thailand CVT Automatic Transmission Petrol Engine 1987 cc,1105000000,https://www.toyota.com.vn//Resources/Images/448F5CB4E8D6742CF606DA3C605145FA.png,toyota
204,Camry 2.0Q,5-seat Sedan Petrol Thailand CVT Automatic Transmission Petrol Engine 1987 cc,1220000000,https://www.toyota.com.vn//Resources/Images/448F5CB4E8D6742CF606DA3C605145FA.png,toyota
205,Camry 2.5Q,5-seat Sedan Petrol Thailand 8-speed automatic transmission Petrol engine capacity 2487 cc,1405000000,https://www.toyota.com.vn//Resources/Images/448F5CB4E8D6742CF606DA3C605145FA.png,toyota
206,Camry 2.5HV,5-seat Sedan Petrol Thailand E-CVT Automatic Transmission Petrol Engine 2487 cc,1495000000,https://www.toyota.com.vn//Resources/Images/448F5CB4E8D6742CF606DA3C605145FA.png,toyota
207,HILUX 2.4L 4x2 AT,5-seat Thai Diesel Pickup 6-speed automatic transmission/6AT Diesel engine 2393 cc capacity,706000000,https://www.toyota.com.vn//Resources/Images/EDACDC91123647FCC5A1979E04D6E84C.jpg,toyota
208,HILUX 2.4L 4x4 MT,5-seat Thai Diesel Pickup 6-speed automatic transmission/6AT Diesel engine 2393 cc capacity,668000000,https://www.toyota.com.vn//Resources/Images/EDACDC91123647FCC5A1979E04D6E84C.jpg,toyota
209,HILUX 2.8L 4x4 AT ADVENTURE,5-seat Thai Diesel Pickup 6-speed automatic transmission/6AT Diesel engine 2393 cc capacity,999000000,https://www.toyota.com.vn//Resources/Images/EDACDC91123647FCC5A1979E04D6E84C.jpg,toyota
210,WIGO E,5-seat Hatchback Petrol Indonesia MT Petrol Engine 1196 capacity,360000000,https://www.toyota.com.vn//Resources/Images/2B145FE80DA2EB1E130C8767B693D021.png,toyota
211,WIGO G,5-seat Hatchback Petrol Indonesia CVT Petrol Engine 1196cc,405000000,https://www.toyota.com.vn//Resources/Images/2B145FE80DA2EB1E130C8767B693D021.png,toyota
212,VINFAST VF 9,No specific description yet,1491000000,https://vinfast.hanoi.vn/wp-content/uploads/2023/12/vinfast-231207_0024_vf-9.jpg,vinfast
213,VINFAST VF 8,No specific description yet,1090000000,https://vinfast.hanoi.vn/wp-content/uploads/2023/12/vinfast-vf-8-231205.png,vinfast
214,VINFAST VF 7,No specific description yet,850000000,https://vinfast.hanoi.vn/wp-content/uploads/2023/12/vinfast-231207_0056_vf-7.jpg,vinfast
215,VINFAST VF E34,No specific description yet,710000000,https://vinfast.hanoi.vn/wp-content/uploads/2023/12/vinfast-231207_0095_vf-e34.jpg,vinfast
216,VINFAST VF 6,No specific description yet,675000000,https://vinfast.hanoi.vn/wp-content/uploads/2023/12/vinfast-231207_0064_vf-6.jpg,vinfast
217,VINFAST VF 5,No specific description yet,458000000,https://vinfast.hanoi.vn/wp-content/uploads/2023/12/vinfast-231207_0084_vf-5.jpg,vinfast
218,VINFAST VF 3,No specific description yet,0,https://vinfast.hanoi.vn/wp-content/uploads/2023/12/vinfast-231207_0111_vf3-b.jpg,vinfast
219,Volkswagen Teramont Limited,No specific description yet,2138000000,https://volkswagen-hanoi.vn/wp-content/uploads/2024/08/volkswagen-teramont-limited-240830-02-450x253.jpg,volkswagen
220,Volkswagen Viloran,No specific description yet,1989000000,https://volkswagen-hanoi.vn/wp-content/uploads/2024/04/volkswagen-viloran-mx-240313-h-450x253.jpg,volkswagen
221,Volkswagen Teramont X,No specific description yet,1998000000,https://volkswagen-hanoi.vn/wp-content/uploads/2024/05/volkswagen-teramont-x-240517-c01-450x253.jpg,volkswagen
222,Volkswagen Touareg,No specific description yet,2699000000,https://volkswagen-hanoi.vn/wp-content/uploads/2023/08/volkswagen-touareg-04-450x253.jpg,volkswagen
223,Volkswagen Teramont,No specific description yet,1998000000,https://volkswagen-hanoi.vn/wp-content/uploads/2023/08/volkswagen-teramont-7-450x253.jpg,volkswagen
224,Volkswagen Virtus,No specific description yet,949000000,https://volkswagen-hanoi.vn/wp-content/uploads/2023/08/virtus-cl-r-450x253.jpg,volkswagen
225,Volkswagen Tiguan,No specific description yet,1688000000,https://volkswagen-hanoi.vn/wp-content/uploads/2023/08/the-new-tiguan-cl-01-450x253.jpg,volkswagen
226,Volkswagen T-Cross,No specific description yet,1099000000,https://volkswagen-hanoi.vn/wp-content/uploads/2023/08/t-cross-cl-02-450x253.jpg,volkswagen
227,Volvo XC60 Ultimate Dark,No specific description yet,2320000000,https://volvo-hanoi.com/wp-content/uploads/2022/04/Volvo-XC60-Ultimate-Dark-fusion-red-2023-7.jpg,volvo
228,Volvo XC40 Ultimate Dark,No specific description yet,1790000000,https://volvo-hanoi.com/wp-content/uploads/2022/04/Volvo-XC40-Ultimate-Fjord-Blue-2023-0-3.jpg,volvo
229,Volvo XC60 Ultimate Bright,No specific description yet,2320000000,https://volvo-hanoi.com/wp-content/uploads/2022/04/Volvo-XC60-Ultimate-Bright-Onyx-Black-2023-17.jpg,volvo
230,Volvo XC90 Ultimate,No specific description yet,4050000000,https://volvo-hanoi.com/wp-content/uploads/2022/04/Volvo-XC60-Ultimate-Bright-Onyx-Black-2023-12-1.jpg,volvo
231,Volvo XC60 Recharge Ultimate,No specific description yet,2890000000,https://volvo-hanoi.com/wp-content/uploads/2022/04/Volvo-XC60-Ultimate-Bright-Onyx-Black-2023-13.jpg,volvo
232,Volvo XC90 Recharge Ultimate,No specific description yet,4650000000,https://volvo-hanoi.com/wp-content/uploads/2022/04/Volvo-XC90-Ultimate-Recharge-OnyxBlack-2023-12.jpg,volvo
233,Volvo S90 T8 Recharge,No specific description yet,2890000000,https://volvo-hanoi.com/wp-content/uploads/2022/11/Volvo-S90-Ultimate-2023-Onyx-Black-gia-ban-10.jpg,volvo
234,Volvo S60 B5 AWD R-Design,No specific description yet,1730000000,https://volvo-hanoi.com/wp-content/uploads/2022/04/Volvo-S60-B5-R-Design-do-0917989669-1.jpg,volvo
235,Volvo S90 Ultimate,No specific description yet,2320000000,https://volvo-hanoi.com/wp-content/uploads/2022/11/Volvo-S90-Ultimate-2023-Crystal-White-2.jpg,volvo
236,Volvo V90 B6 AWD Cross Country,No specific description yet,3090000000,https://volvo-hanoi.com/wp-content/uploads/2022/04/Volvo-V90-B6-AWD-Cross-Country-9.jpg,volvo
237,Volvo V60 Cross Country Ultimate,No specific description yet,2690000000,https://volvo-hanoi.com/wp-content/uploads/2022/11/Volvo-V60-Ultimate-2023-fusion-red16.jpg,volvo
